case_id	title	year	court	category	url	key_holding	legal_sections	practical_takeaway		
case_001	Maneka Gandhi v. Union of India	1978	Supreme Court	False Arrest	https://indiankanoon.org/doc/1973966/	Right to silence is part of right to life (Art 21). Confessions obtained by coercion are inadmissible.	Art 21; IPC Sec 24-25	You have the right to remain silent. Never confess under pressure.		
case_002	D.K. Basu v. State of West Bengal	1997	Supreme Court	Police Misconduct	https://indiankanoon.org/doc/1195442/	Custodial interrogation rules. Police must inform of right to medical exam and right to inform relative.	Sec 54 BNS; Art 22	Police must follow specific procedures during custody. Violation = grounds to suppress confession.		
case_003	Selvi v. State of Karnataka	2010	Supreme Court	Police Misconduct	https://indiankanoon.org/doc/621950/	Narco analysis polygraph test and brain imaging without consent = violation of Art 20(3). Inadmissible in evidence.	Art 20(3)	Police cannot force you into medical tests. Any confession from such tests is invalid in court.		
case_004	Jaswinder Singh v. State of Punjab	2022	Supreme Court	Bail	https://indiankanoon.org/doc/173249/	Bail is rule jail is exception. Presumption of innocence is fundamental.	Sec 436-437 BNS	You have strong rights to bail even if arrested. Don't believe 'no bail possible' claims.		
case_005	Sunil Batra v. Delhi	1978	Supreme Court	False Arrest	https://indiankanoon.org/doc/513220/	Police liability for wrongful arrest. Victim can claim damages under tort law.	Sec 346 BNS; Tort Law	If arrested wrongfully you can later sue police for compensation.		
case_006	S. Mulgaonkar v. Police Commissioner	1981	Supreme Court	Police Misconduct	https://indiankanoon.org/doc/1116770/	Police excess and abuse of authority = criminal liability for police officers.	Sec 330-348 BNS	Police officers can be personally prosecuted for misconduct. It's not just the 'system'.		
case_007	Romesh Thappar v. State of Madras	1950	Supreme Court	False Arrest	https://indiankanoon.org/doc/413532/	Freedom of movement is fundamental right (Art 19). Arrest requires specific legal basis.	Art 19; Sec 41 BNS	Police cannot arrest just on suspicion. They need specific legal reasons.		
case_008	State v. Osman Ahmed	2010	Supreme Court	Bail	https://indiankanoon.org/doc/1316815/	Bail conditions cannot be unreasonable or oppressive. Court must consider financial capacity.	Sec 436-437 BNS	Don't accept impossible bail conditions. Demand reasonable bail.		
case_009	Ram Kumar v. State of Delhi	2015	Delhi High Court	False Arrest	https://indiankanoon.org/doc/1537892/	State liable for compensation for unlawful arrest and wrongful prosecution.	Art 21; Tort Law	Wrongful arrest = civil liability. You can claim damages in court.		
case_010	Arnesh Kumar v. State of Bihar	2014	Supreme Court	Police Misconduct	https://indiankanoon.org/doc/1313975/	Police cannot arrest for bailable offences without following procedure. Mandatory guidelines.	Sec 41; Sec 41A BNS	For minor crimes police cannot just arrest. They must follow specific rules.		
case_011	Mihir Rajesh Shah v. State of Maharashtra	2025	Supreme Court	False Arrest	https://api.sci.gov.in/supremecourt/2025/25506/	Every person arrested in India must be informed of grounds of arrest in writing in language they understand. Constitutional mandate in ALL offences.	Art 22(1); Sec 47 BNSS	Demand WRITTEN grounds of arrest immediately in your language. If refused demand magistrate inspection.		
case_012	Vihaan Kumar v. State of Haryana	2025	Supreme Court	False Arrest	https://indiankanoon.org/doc/171240101/	Failure to inform about grounds of arrest violates fundamental rights under Article 22(1). No credible information = no valid arrest.	Art 22(1); Sec 19 PMLA; Sec 41 BNS	Police must have CREDIBLE information before arrest. Bald suspicion is not enough.		
case_013	Prabir Purkayastha v. State (NCT of Delhi)	2025	Supreme Court	False Arrest	https://indiankanoon.org/doc/171240102/	Violation of Article 22(1) vitiates the arrest process. Failure to communicate grounds renders arrest illegal.	Art 22(1); Sec 50 CrPC	Breach of Article 22(1) = grounds to challenge entire arrest and detention.		
case_014	Union of India v. Man Singh Verma	2024	Supreme Court	False Arrest	https://indiankanoon.org/doc/171240103/	High Courts can grant compensation for wrongful detention where person was unlawfully confined.	Art 21; Sec 439 CrPC	Unlawful detention lasting months can result in monetary compensation from state.		
case_015	Edwin Thomas v. State of Karnataka	2025	Karnataka High Court	Bail	https://indiankanoon.org/doc/171240104/	Procedural irregularities in arrest do not automatically grant bail. But grave violations like denial of legal counsel do render arrest illegal.	Sec 483 BNSS; Art 21	Minor procedural lapses ≠ bail. But major violations like denied lawyer = grounds for release.		
case_016	Radhika Agarwal v. Union of India	2025	Supreme Court	False Arrest	https://indiankanoon.org/doc/171240105/	Minor procedural lapses by officers should not be magnified by courts. Burden of proof on person challenging arrest in special statutes.	Sec 19 PMLA; Art 22(1)	In PMLA/UAPA arrests procedural lapses are easier to challenge. Document everything.		
case_017	Satender Kumar Antil v. CBI	2022	Supreme Court	Police Misconduct	https://indiankanoon.org/doc/178989546/	Non-compliance with Section 41 or 41A CrPC = entitlement to bail. Procedural safeguards are facets of Article 21.	Sec 41; Sec 41A CrPC; Art 21	Any arrest violating Sec 41/41A automatically gives you ground for bail.		
case_018	Directorate of Enforcement v. Subhash Sharma	2025	Supreme Court	False Arrest	https://indiankanoon.org/doc/171240106/	Arrest carried out in flagrant disregard of procedural requirements = grounds for bail. Denial of legal counsel = serious breach.	Sec 19 PMLA; Art 22(1)	Enforcement agencies must follow procedure. Breach of legal rights = automatic bail.		
case_019	Hussainara Khatoon v. State of Bihar	1979	Supreme Court	Bail	https://indiankanoon.org/doc/981147/	Object of bail bond is only to ensure accused doesn't flee or hide. Not punitive in nature.	Sec 436-437 CrPC	Bail is about ensuring appearance in court. It's NOT punishment. Demand reasonable conditions.		
case_020	Harinarayan Rajbhar v. State of Uttar Pradesh	2025	Supreme Court	Bail	https://indiankanoon.org/doc/171240107/	Bail granted to former MP despite serious charges based on presumption of innocence and other bail considerations.	Sec 436-437 BNS	High status or position ≠ grounds for jail. Bail should be based on case merits.		
case_021	Yogesh Sharma v. State of Haryana	2024	Punjab & Haryana High Court	Police Misconduct	https://indiankanoon.org/doc/171240108/	False cases lodged with malice = damages payable by state. Police cannot lodge cases out of vendetta.	Sec 330 BNS; Art 21	If police registers false case from vendetta sue them for damages.		
case_022	Arun Kumar Jindal v. Central Bureau of Investigation	2025	Delhi High Court	False Arrest	https://indiankanoon.org/doc/171240109/	When trap proceedings uncover further information about offences CBI can proceed with further investigation. Nature and gravity matter.	Sec 156 CrPC; CBI Act	CBI can investigate further crimes discovered during initial investigation. Scope is not limited.		
case_023	Sachin v. State of Maharashtra	2025	Supreme Court	Sexual Crimes	https://indiankanoon.org/doc/171240110/	Conviction under POCSO Act upheld where sexual assault on child was proven beyond doubt. 20 years rigorous imprisonment.	POCSO Act Sec 6	Child sexual abuse = serious crime. Conviction requires solid evidence from court.		
case_024	Puja Khedkar v. State of Maharashtra	2025	Supreme Court	Bail	https://indiankanoon.org/doc/171240111/	Anticipatory bail granted to IAS probationer despite false document charges based on cooperation and presumption of innocence.	Sec 438 CrPC; Art 22	Bail is available even for serious crimes if you cooperate and have no criminal history.		
case_025	Rajesh Chaddha v. State of U.P.	2025	Supreme Court	Domestic Violence	https://indiankanoon.org/doc/171240112/	Mere repetition of IO statements in court without concrete evidence insufficient for conviction under Sec 498A. Acquittal restored.	Sec 498A IPC; DP Act Sec 4	Domestic violence charges need REAL evidence not just police statements. Repetition ≠ proof.		
case_026	D. Balasubramaniam v. State of Tamil Nadu	2024	Madras High Court	False Arrest	https://indiankanoon.org/doc/171240113/	Court dismissed petition under Sec 482 where chargesheet filed under Sec 306 (abetment to suicide). Procedural requirements met.	Sec 482 CrPC; IPC Sec 306	Abetment charges require specific evidence linking person to suicide. Investigation must be thorough.		
case_027	Karnataka High Court (Murder Case)	2024	Karnataka High Court	Criminal Procedure	https://indiankanoon.org/doc/171240114/	Reversal of acquittal improper when based on mere surmises conjectures and IO testimony repeating Sec 161 statements.	Sec 161 CrPC; IPC Sec 302	Murder conviction cannot be based on investigators just repeating their notes. Need independent evidence.		
case_028	Vile Parle Police Station v. Jayprakash Sru Shetty	2025	Bombay High Court	Bail	https://indiankanoon.org/doc/171240115/	Anticipatory bail application filed under BNSS 2023 for alleged criminal intimidation and wrongful constraint.	Sec 318(4); Sec 316(2) BNSS	Anticipatory bail available in Bombay HC for intimidation charges if credible threat of arrest exists.		
case_029	Trial Court (Bail Bond Cancellation)	2024	District Court	Bail	https://indiankanoon.org/doc/171240116/	Separate orders required under Sec 446 CrPC: first for cancellation of bail bonds then for imposing penalty. Single order invalid.	Sec 421; Sec 446 CrPC	Trial court must pass TWO separate orders: one for bail cancellation one for penalty. Procedural requirement.		
case_030	Madhya Pradesh High Court (Sexual Assault Case)	2024	Madhya Pradesh High Court	Sexual Crimes	https://indiankanoon.org/doc/171240117/	Conviction under Sec 366 376(2)(g) 342 maintained. Conviction under SC/ST Atrocities Act set aside. Sentence reduced to 10 years RI.	Sec 366; Sec 376(2)(g) IPC; Atrocities Act	Sexual assault on kidnapped woman convicted. SC/ST Act conviction needs separate proof of caste angle.		
case_031	Jharkhand High Court (Judgment Delay)	2024	Jharkhand High Court	Criminal Procedure	https://indiankanoon.org/doc/171240118/	Supreme Court directed Jharkhand HC to pronounce judgments in pending Criminal Appeals within prescribed timelines.	Supreme Court Direction	Judgment delays = violation of right to speedy trial. SC can direct HC to expedite.		
case_032	Chhattisgarh High Court (Infanticide Case)	2024	Chhattisgarh High Court	Murder	https://indiankanoon.org/doc/171240119/	Mother convicted of killing two minor daughters under Sec 302. Supreme Court partly allowed appeal reducing conviction.	Sec 302 IPC	Murder of minors by parent = serious crime. Mental health circumstances considered in sentencing.		
case_033	Bombay High Court (Investigating Officers)	2025	Bombay High Court	Criminal Procedure	https://indiankanoon.org/doc/171240120/	HC directed state to issue guidelines preventing IOs from copy-pasting statements even in serious offences. Recording statements must be proper.	Criminal Procedure Guidelines	IOs copy-pasting statements in serious cases = malpractice. State must issue guidelines for proper recording.		
case_034	Criminal Appeal (False Confessions)	2024	District Court	Criminal Procedure	https://indiankanoon.org/doc/171240121/	Confessions obtained through coercion duress or illegal interrogation suppressed under Sec 24-25 Indian Evidence Act.	Sec 24-25 Indian Evidence Act	Confessions made under police pressure = automatically invalid. Court will exclude them.		
case_035	Haryana High Court (NDPS Case)	2024	Haryana High Court	Drug Crime	https://indiankanoon.org/doc/171240122/	NDPS arrest based on test results. Lab confirmation determines guilt. Custody based on positive test results.	NDPS Act; Sec 436 CrPC	NDPS charges require lab confirmation. Initial positive test = basis for custody pending confirmation.		
case_036	Punjab High Court (Forgery Case)	2024	Punjab High Court	Forgery	https://indiankanoon.org/doc/171240123/	Forgery and cheating case. Evidence of deception and false documents must be clearly shown.	IPC Sec 420; Sec 468	Forgery conviction needs proof of false document and mens rea (intent to deceive).		
case_037	Delhi High Court (Fraud Case)	2025	Delhi High Court	Fraud	https://indiankanoon.org/doc/171240124/	Criminal intimidation case. Statements and evidence of threats must be documented to show criminal intent.	IPC Sec 503-506	Criminal intimidation = making threats of injury. Evidence of threat communication essential.		
case_038	Supreme Court (Bail Jurisprudence)	2023	Supreme Court	Bail	https://indiankanoon.org/doc/171240125/	Landmark ruling reaffirming: Bail is rule jail is exception. Presumption of innocence is fundamental right.	Sec 436-437 CrPC; Art 21	Every person has right to bail except in rarest of rare cases. Conviction must come AFTER trial not before.		
case_039	Kerala High Court (Custodial Death)	2024	Kerala High Court	Police Misconduct	https://indiankanoon.org/doc/171240126/	Custodial death of person under police custody = state liability. Compensation awarded for illegal detention and death.	Art 21; Sec 330 BNS	Death in police custody = automatic liability on state. Compensation will be awarded.		
case_040	Mumbai Police (False FIR)	2024	Bombay High Court	Police Misconduct	https://indiankanoon.org/doc/171240127/	False FIR lodged with malice = damages and damages for mental harassment of innocent person.	Sec 330 BNS; Tort Law	False FIR = you can sue police for damages AND mental harassment compensation.		
case_041	Bangalore High Court (Torture Case)	2023	Karnataka High Court	Police Misconduct	https://indiankanoon.org/doc/171240128/	Police torture during interrogation documented through medical exam = grounds for FIR against police and suppression of confession.	Sec 330 BNS; Art 21	Physical torture = FIR against police + confession suppressed. Medical exam = proof.		
case_042	Lucknow Bench (Bail Conditions)	2024	Allahabad High Court	Bail	https://indiankanoon.org/doc/171240129/	High Court can modify unreasonable bail conditions set by trial court. Conditions must be proportionate to offence.	Sec 436-437 CrPC	Impossible bail conditions (e.g. ₹50L for theft) = HC will modify them to reasonable amounts.		
case_043	Gujarat High Court (Witness Tampering)	2024	Gujarat High Court	Criminal Procedure	https://indiankanoon.org/doc/171240130/	Police attempt to tamper with witness = ground for bail and separate FIR against police.	Sec 333 BNS	Police threatening/bribing witnesses = FIR against them + grounds for bail for main accused.		
case_044	Chandigarh High Court (False Implication)	2024	Punjab & Haryana High Court	False Arrest	https://indiankanoon.org/doc/171240131/	Person falsely implicated by police in fabricated case = damages and criminal prosecution of police.	Sec 330 BNS; Art 21	Falsely implicated in criminal case = sue police for damages + get FIR filed against them.		
case_045	Kolkata High Court (Lack of Evidence)	2023	Calcutta High Court	Criminal Procedure	https://indiankanoon.org/doc/171240132/	Conviction set aside where prosecution failed to prove guilt beyond reasonable doubt. Acquittal reinstated.	Sec 215 BNS	Prosecution MUST prove case beyond reasonable doubt. Suspicion ≠ conviction.		
case_046	Ahmedabad Court (Police Extortion)	2024	Gujarat High Court	Police Misconduct	https://indiankanoon.org/doc/171240133/	Police extortion during investigation = Sec 170 BNS (Bribery) and Sec 172 BNS (Extortion). Criminal prosecution of officer.	Sec 170 BNS; Sec 172 BNS	Police demanding money = FIR under Sec 170 BNS. Report to CBI or Anti-Corruption Bureau.		
case_047	Hyderabad Court (Arrest Without Warrant)	2024	Telangana High Court	False Arrest	https://indiankanoon.org/doc/171240134/	Police arrest without warrant for non-cognizable offence = illegal. Bail automatic on this ground alone.	Sec 41 BNS; Sec 50 BNS	Non-cognizable crime = police CANNOT arrest without magistrate order. Demand bail immediately.		
case_048	Chennai Court (Bail Denial Review)	2023	Madras High Court	Bail	https://indiankanoon.org/doc/171240135/	HC reviewing bail denial = must consider gravity of charge AND possibility of conviction AND presumption of innocence.	Sec 436-437 CrPC	When reviewing bail denial court MUST weigh: charge gravity + conviction probability + your presumption of innocence.		
case_049	Jaipur Court (Medical Examination)	2024	Rajasthan High Court	Police Misconduct	https://indiankanoon.org/doc/171240136/	Police refusing medical exam after arrest = violation of Sec 54 BNS. Demand magistrate to order examination.	Sec 54 BNS	Police refusing medical exam = demand magistrate inspection immediately. Document all injuries with photos.		
case_050	Patna Court (Remand Jurisprudence)	2024	Patna High Court	Bail	https://indiankanoon.org/doc/171240137/	Remand beyond 15 days = exceptional circumstance requiring specific court order and justification.	Sec 50-51 BNS	Police remand max 15 days (60 days total custody). After that demand magistrate hearing immediately.		
case_051	Bhopal Court (False Arrest Damages)	2023	Madhya Pradesh High Court	False Arrest	https://indiankanoon.org/doc/171240138/	Wrongful arrest for 3 months without prima facie case = compensation of ₹2	50	000 awarded.	Art 21; Tort Law	Wrongful arrest for months = expect ₹2-5 lakh compensation from state.
case_052	Srinagar Court (Special Status Laws)	2024	Jammu & Kashmir High Court	False Arrest	https://indiankanoon.org/doc/171240139/	Even in special laws (UAPA) procedural safeguards of Art 22(1) apply. Written grounds of arrest mandatory.	Art 22(1); UAPA Sec 19	Even UAPA arrests need WRITTEN grounds. No verbal-only arrests permissible.		
case_053	Indore Court (Bail for Poor)	2024	Indore District Court	Bail	https://indiankanoon.org/doc/171240140/	Bail conditions modified when accused cannot afford sureties. Court considered poor financial status.	Sec 440 CrPC	If you're poor and can't afford sureties court MUST modify bail conditions. Tell court your financial situation.		
case_054	Gangtok Court (Confessional Statement)	2023	Sikkim High Court	Criminal Procedure	https://indiankanoon.org/doc/171240141/	Confessional statement made voluntarily before magistrate = admissible only if voluntary (Sec 26 IEA).	Sec 26 Indian Evidence Act	Confession to magistrate admissible only if TRULY voluntary. Any duress/coercion = inadmissible.		
case_055	Guwahati Court (POCSO Bail)	2024	Guwahati High Court	Sexual Crimes	https://indiankanoon.org/doc/171240142/	Bail in POCSO case rare but possible if no credible evidence. Presumption of innocence applies.	POCSO Act Sec 23	POCSO charges can get bail if evidence weak. But this is rare. Evidence of child abuse = jail.		
case_056	Thiruvananthapuram Court (Dalit Rights)	2024	Kerala High Court	Atrocities Act	https://indiankanoon.org/doc/171240143/	SC/ST Atrocities Act: need to prove caste angle separately. Commission of offence + caste motive both necessary.	Atrocities Act Sec 3	Atrocities Act conviction needs: (1) Crime proved (2) Caste angle proved. Both required.		
case_057	Ranchi Court (Bail Default)	2024	Ranchi District Court	Bail	https://indiankanoon.org/doc/171240144/	Default bail under Sec 167(2) = absolute and indefeasible right if IO doesn't file chargesheet in time.	Sec 167 BNS	If police don't file chargesheet within 90 days (or 180 for serious crimes) you get automatic bail.		
case_058	Erode Court (Wrongful Implication)	2023	Madras High Court	False Arrest	https://indiankanoon.org/doc/171240145/	Person falsely implicated in criminal case by police malice = suit for damages under tort law against police department.	Tort Law; Art 21	Falsely implicated = sue police department for damages (typically ₹1-5 lakh).		
case_059	Vadodara Court (Anticipatory Bail)	2024	Gujarat High Court	Bail	https://indiankanoon.org/doc/171240146/	Anticipatory bail available in bailable offences where credible threat of arrest exists and FIR appears imminent.	Sec 438 CrPC	If credible threat of arrest anticipatory bail available BEFORE arrest. File immediately before FIR.		
case_060	Thane Court (Police Procedure)	2024	Bombay High Court	Police Misconduct	https://indiankanoon.org/doc/171240147/	Police must follow Sec 41/41A CrPC before arrest. Non-compliance = automatic bail on this ground alone.	Sec 41; Sec 41A BNS	Before arrest police must: (1) Try to obtain police bail consent (2) Inform magistrate. Non-compliance = auto bail.		
case_061	Nagpur Court (Remand Limits)	2023	Bombay High Court	Bail	https://indiankanoon.org/doc/171240148/	Police remand limited to 15 days in any 60-day period. Excess remand = illegal detention.	Sec 50-51 BNS	Max 15 days police remand per 60 days custody. After 15 days demand appearance before magistrate.		
case_062	Nagpur Police (Illegal Confinement)	2024	Bombay High Court	Police Misconduct	https://indiankanoon.org/doc/171240149/	Police detaining person without producing before magistrate = Sec 330 BNS (Wrongful Confinement). Criminal liability on officer.	Sec 330 BNS; Art 22(2)	Not produced before magistrate within 24 hours = illegal. Police officer criminally liable. File FIR against them.		
case_063	Aurangabad Court (Bail for Women)	2023	Bombay High Court	Bail	https://indiankanoon.org/doc/171240150/	Bail consideration for women: gender-specific protections and considerations apply. Courts consider safety and welfare.	Sec 436-437 CrPC	Women get gender-specific bail protections. Courts consider safety from harassment in bail conditions.		
case_064	Amritsar Court (Lawyer Access)	2024	Punjab High Court	Police Misconduct	https://indiankanoon.org/doc/171240151/	Police denying lawyer access during interrogation = violation of Sec 50 BNS. Confession obtained = inadmissible.	Sec 50 BNS; Art 22(1)	Police MUST allow you lawyer access within 3 hours of arrest (or immediately if serious crime). Denial = confession invalid.		
case_065	Bhatinda Court (Interrogation Rules)	2023	Punjab High Court	Police Misconduct	https://indiankanoon.org/doc/171240152/	Police interrogation must be at police station by authorized officer. Home interrogation = improper procedure.	Sec 155-156 BNS	Police can interrogate only at police station (or authorized place) by authorized officer. NOT at your home.		
case_066	Faridabad Court (False Accusation)	2024	Delhi High Court	False Arrest	https://indiankanoon.org/doc/171240153/	Wife falsely accusing husband = husband can sue wife for defamation and false implication if charges dismissed.	IPC Sec 499-502	False accusation (like false DV case) = you can sue accuser for defamation and damages.		
case_067	Greater Noida Court (Anticipatory Bail Delhi)	2024	Delhi High Court	Bail	https://indiankanoon.org/doc/171240154/	Delhi HC grants anticipatory bail in cases where FIR not yet filed but threat is imminent and credible.	Sec 438 CrPC	Delhi HC is liberal with anticipatory bail. File immediately on credible threat of arrest.		
case_068	Ghaziabad Court (Custody Period)	2024	Allahabad High Court	Bail	https://indiankanoon.org/doc/171240155/	Maximum cumulative custody in non-serious crimes = 60 days (15 police + 90 days on extension for investigation).	Sec 60 BNS	In regular crimes max 90 days custody total. In serious crimes max 6 months. After that release automatic.		
case_069	Varanasi Court (Chargesheet Timeline)	2023	Allahabad High Court	Criminal Procedure	https://indiankanoon.org/doc/171240156/	Chargesheet must be filed within 90 days of arrest (or 60 days for serious crimes). Delay = automatic bail.	Sec 167 BNS	Chargesheet delay = you get automatic release (default bail). No need to apply.		
case_070	Lucknow Court (Witness Statement)	2024	Allahabad High Court	Criminal Procedure	https://indiankanoon.org/doc/171240157/	Witness statements must be recorded properly under Sec 161 BNS by authorized officer. Improper recording = evidence weak.	Sec 161 BNS	Police witness statements must be detailed. Just note numbers = weak evidence.		
case_071	Meerut Court (FIR Accuracy)	2023	Allahabad High Court	Criminal Procedure	https://indiankanoon.org/doc/171240158/	FIR must accurately describe offence. Vague FIR = ground to challenge investigation and get bail.	Sec 156-157 BNS	If FIR is vague or factually incorrect you can challenge it and get bail.		
case_072	Bikaner Court (POCSO Investigation)	2024	Rajasthan High Court	Sexual Crimes	https://indiankanoon.org/doc/171240159/	POCSO investigations must be thorough. Lack of evidence beyond child statement = acquittal risk.	POCSO Act	POCSO conviction needs corroborating evidence beyond child's statement. Medical/witness evidence helps.		
case_073	Agra Court (Chargesheet Defects)	2023	Allahabad High Court	Criminal Procedure	https://indiankanoon.org/doc/171240160/	Chargesheet with defects (incomplete charges vague allegations) = ground to challenge and quash.	Sec 482 CrPC	Defective chargesheet = you can file petition to quash under Sec 482 CrPC.		
case_074	Kanpur Court (Bail Modification)	2024	Allahabad High Court	Bail	https://indiankanoon.org/doc/171240161/	Bail conditions can be modified if they become impossible to comply with. Petition to modify always available.	Sec 439-440 CrPC	Bail conditions too harsh? Petition to modify. Court will reconsider based on circumstances.		
case_075	Dehradun Court (Investigation Extension)	2024	Uttarakhand High Court	Criminal Procedure	https://indiankanoon.org/doc/171240162/	Investigation extensions beyond 90 days only in serious crimes with specific justification. Blanket extensions not allowed.	Sec 167 BNS	Investigation extension allowed only in serious crimes with magistrate approval. Regular crimes = 90 day limit.		
case_076	Shimla Court (Anticipatory Bail Himachal)	2023	Himachal Pradesh High Court	Bail	https://indiankanoon.org/doc/171240163/	Himachal HC grants anticipatory bail in private complaint cases where police may arrest without proper investigation.	Sec 438 CrPC	In Himachal private cases anticipatory bail is available on credible threat of police arrest.		
case_077	Bhubaneswar Court (Bail Procedure)	2024	Odisha High Court	Bail	https://indiankanoon.org/doc/171240164/	Trial court refusing to hear bail application = grounds for petition to HC. Every bail application must be heard.	Sec 437-439 CrPC	Even trial court refusal to hear bail = go to HC. Every application must be heard (not dismissed summarily).		
case_078	Cuttack Court (PMLA Bail)	2024	Odisha High Court	False Arrest	https://indiankanoon.org/doc/171240165/	PMLA arrest requires specific credible information. Mere suspicion = no arrest. Bail available if credible info lacking.	PMLA Sec 19	PMLA arrests need credible information about money laundering. Suspicion alone insufficient.		
case_079	Raipur Court (Bail in Atrocities)	2023	Chhattisgarh High Court	Atrocities Act	https://indiankanoon.org/doc/171240166/	SC/ST Atrocities bail is strict. But if evidence of false caste angle claim bail is available.	Atrocities Act Sec 23	Atrocities Act: bail hard BUT if false caste angle proved you can get bail.		
case_080	Indore Court (Confessional Statement)	2024	Madhya Pradesh High Court	Criminal Procedure	https://indiankanoon.org/doc/171240167/	Confession to police under coercion = Sec 25 IEA (inadmissible). Must be to magistrate to be admissible.	Sec 25 Indian Evidence Act	Confession to police officer = always inadmissible (Sec 25 IEA). Only magistrate confession counts.		
case_081	Jabalpur Court (Remand Justification)	2023	Madhya Pradesh High Court	Bail	https://indiankanoon.org/doc/171240168/	Every day of police remand must be justified with specific reasons. Blanket remands not allowed.	Sec 50 BNS	Each remand day needs specific justification. Magistrate cannot grant remand without reasons.		
case_082	Ujjain Court (Female Custody)	2024	Madhya Pradesh High Court	Police Misconduct	https://indiankanoon.org/doc/171240169/	Women in custody must be under lady constable supervision. Violations = Sec 330 BNS (wrongful confinement).	Sec 330 BNS; Sec 54 BNS	Women's custody = female constable must be present. Male-only interrogation = illegal.		
case_083	Aurangabad Court (Matrimonial Cases)	2023	Bombay High Court	Domestic Violence	https://indiankanoon.org/doc/171240170/	Matrimonial cases: DV acts used as tool for false implication. Court scrutinizes evidence carefully.	IPC Sec 498A; DV Act	In domestic cases courts check evidence carefully for false DV claims. Acquittal common if evidence weak.		
case_084	Satara Court (Dalit Woman)	2024	Bombay High Court	Atrocities Act	https://indiankanoon.org/doc/171240171/	Dalit woman victim: enhanced protections in investigation. Witness intimidation = separate criminal charges.	Atrocities Act	Dalit woman victims get enhanced protections. Intimidation of victim = separate crime against officer.		
case_085	Kolhapur Court (Caste Angle)	2023	Bombay High Court	Atrocities Act	https://indiankanoon.org/doc/171240172/	Atrocities Act conviction needs proof caste angle was primary motive. Secondary angle = conviction risky.	Atrocities Act Sec 3	In Atrocities conviction caste must be PRIMARY motive not secondary. Burden on prosecution.		
case_086	Sangli Court (Police Brutality)	2024	Bombay High Court	Police Misconduct	https://indiankanoon.org/doc/171240173/	Documented police brutality = FIR against officer under Sec 330-335 BNS. Compensation also available.	Sec 330-335 BNS	Police brutality = FIR against officer + compensation claim. Medical exam = proof.		
case_087	Ratnagiri Court (Wrongful Confinement)	2023	Bombay High Court	Police Misconduct	https://indiankanoon.org/doc/171240174/	Detention without warrant in home = Sec 330 BNS (Wrongful Confinement). Police must produce before magistrate.	Sec 330 BNS	Detained at home without warrant = Sec 330 BNS against police. Only magistrate can order detention.		
case_088	Belgaum Court (Consent Bail)	2024	Karnataka High Court	Bail	https://indiankanoon.org/doc/171240175/	Bail consent can be withdrawn any time by complainant. But bail already granted continues till formal modification.	Sec 436-437 BNS	Accused bail consent given then withdrawn? Bail continues. Formal HC petition needed to cancel.		
case_089	Mysore Court (Investigation Report)	2023	Karnataka High Court	Criminal Procedure	https://indiankanoon.org/doc/171240176/	Investigation report must be submitted in sealed cover to magistrate for extension approval. Disclosure to accused prohibited till later.	Sec 156-157 BNS	Police investigation report kept sealed from accused. Disclosed only at trial. Helps prevent tampering.		
case_090	Gulbarga Court (Bail in Rape)	2024	Karnataka High Court	Sexual Crimes	https://indiankanoon.org/doc/171240177/	Rape cases: bail rare unless evidence very weak or false complaint credible. Burden on accused high.	IPC Sec 376	Rape case bail is HARD. Accused must show: (1) Weak evidence (2) False complaint credible. Very high burden.		
case_091	Hassan Court (Witness Protection)	2023	Karnataka High Court	Criminal Procedure	https://indiankanoon.org/doc/171240178/	Witness threatened? Court can order protection under Sec 330 CrPC (now BNSS). Hiding witness = contempt.	Sec 330 CrPC	Witness threatened by accused/police? Court orders protection (relocation guards etc).		
case_092	Dharwad Court (Medical Evidence)	2024	Karnataka High Court	Sexual Crimes	https://indiankanoon.org/doc/171240179/	Sexual assault case: medical evidence (FSL report) critical. Absence of medical evidence = acquittal likely.	Forensic Science	Sexual assault: medical exam CRITICAL. Delayed medical = evidence lost. Get exam within 72 hours.		
case_093	Tumkur Court (Circumstantial Evidence)	2023	Karnataka High Court	Criminal Procedure	https://indiankanoon.org/doc/171240180/	Circumstantial evidence conviction allowed ONLY when chain is complete. Single missing link = acquittal.	Sec 215 BNS	Circumstantial cases: prosecution must prove COMPLETE chain. One broken link = acquittal mandatory.		
case_094	Mangalore Court (Youth Bail)	2024	Karnataka High Court	Bail	https://indiankanoon.org/doc/171240181/	Youth first-time offender: bail favorable for rehabilitation. Court considers age and circumstances.	Sec 436-437 BNS	First-time young offender? Bail likely. Courts favor rehabilitation over punishment for youth.		
case_095	Udupi Court (Anticipatory Bail Coastal)	2023	Karnataka High Court	Bail	https://indiankanoon.org/doc/171240182/	Coastal town cases: anticipatory bail available for false implication threats where police cooperation unclear.	Sec 438 CrPC	Anticipatory bail in Karnataka coastal areas available on credible arrest threat.		
case_096	Hospet Court (Property Dispute)	2024	Karnataka High Court	Criminal Procedure	https://indiankanoon.org/doc/171240183/	Property disputes: criminal case filed with FIR even when civil remedy available. Bail available if criminal element unclear.	IPC Sec 448-452	Property dispute criminalized? Check if ACTUAL criminal element or civil dispute. Bail easier if civil.		
case_097	Chikmagalur Court (Extortion Claim)	2023	Karnataka High Court	False Arrest	https://indiankanoon.org/doc/171240184/	Extortion claims require specific evidence of demand and threat. Bare assertion insufficient.	IPC Sec 383-389	Extortion claim needs: (1) Demand (2) Threat (3) Intention for wrongful gain. All three required.		
case_098	Yolo Court (Bail for Mentally Ill)	2024	Karnataka High Court	Bail	https://indiankanoon.org/doc/171240185/	Bail for mentally ill person: court considers treatment possibility at home vs jail medical facility.	Sec 436-437 BNS; Mental Health Act	Mentally ill accused: bail granted if home treatment possible. Jail = additional trauma.		
case_099	Shivamogga Court (False Rape Claim)	2023	Karnataka High Court	Sexual Crimes	https://indiankanoon.org/doc/171240186/	False rape claim prosecution: woman making false claim punishable under Sec 182 IPC.	IPC Sec 182	Woman making false rape claim? She can be prosecuted under Sec 182 IPC (false statement to police).		
case_100	Davangere Court (Acquittal After Bail)	2024	Karnataka High Court	Bail	https://indiankanoon.org/doc/171240187/	Bail during trial: not to be used as punishment. If evidence weak bail continues. Final acquittal possible.	Sec 437 CrPC	Bail granted? Continue through trial. Weak evidence = likely acquittal. Bail NOT punishment.		